horas_estudio_semanal;nota_anterior;tasa_asistencia;horas_sueno;edad;nivel_dificultad;tiene_tutor;horario_estudio_preferido;estilo_aprendizaje;nota_final;aprobado
8.96;48.83;86.64;6.68;25;Facil;Si;Tarde;Lectura/Escritura;84.4;1
11.04;80.83;83.45;4.62;18;Dificil;No;Tarde;Desconocido;72.0;1
4.51;90.38;74.62;7.76;25;Facil;No;Mañana;Lectura/Escritura;80.0;1
6.65;81.88;82.85;8.59;23;Facil;No;Desconocido;Visual;78.2;1
1.0;66.25;54.54;6.67;21;Medio;No;Desconocido;Auditivo;66.0;1
6.41;73.09;79.79;8.51;29;Dificil;No;Mañana;Visual;68.0;1
13.42;91.07;71.8;4.59;25;Facil;Si;Mañana;Visual;75.5;1
16.24;96.98;51.41;7.25;20;Facil;Si;Noche;Visual;86.3;1
4.32;62.1;60.82;6.46;21;Medio;No;Mañana;Visual;84.8;1
7.93;71.83;100.0;7.52;23;Medio;Si;Noche;Visual;68.8;1
12.59;61.58;64.7;5.89;28;Medio;Si;Desconocido;Visual;67.9;1
8.61;56.45;64.01;7.88;24;Dificil;Si;Noche;Visual;54.9;0
13.11;87.69;57.89;6.19;21;Dificil;No;Tarde;Lectura/Escritura;82.4;1
2.23;49.9;76.94;7.27;21;Medio;No;Tarde;Visual;59.4;0
7.85;47.18;69.23;4.75;24;Medio;No;Tarde;Kinestésico;63.4;1
3.92;55.34;58.82;6.58;23;Medio;No;Tarde;Visual;73.2;1
6.04;77.85;97.71;6.14;28;Facil;No;Tarde;Lectura/Escritura;86.9;1
12.15;83.27;80.77;5.78;25;Dificil;Si;Mañana;Lectura/Escritura;77.8;1
10.46;72.1;57.38;5.84;18;Medio;No;Noche;Kinestésico;73.0;1
14.69;86.26;93.68;6.99;27;Facil;No;Tarde;Kinestésico;84.5;1
13.93;93.57;81.56;8.21;28;Medio;Si;Tarde;Visual;90.7;1
9.79;65.24;68.12;4.16;24;Facil;No;Desconocido;Lectura/Escritura;63.9;1
20.85;68.02;100.0;7.56;29;Medio;Si;Tarde;Lectura/Escritura;83.9;1
14.12;55.52;58.18;7.19;24;Medio;Si;Noche;Lectura/Escritura;66.0;1
2.27;75.77;86.05;7.5;28;Medio;No;Tarde;Kinestésico;56.4;0
1.01;40.35;45.49;7.74;24;Dificil;No;Noche;Desconocido;54.0;0
17.02;80.87;75.03;7.72;24;Facil;Si;Mañana;Lectura/Escritura;91.6;1
3.01;40.08;57.01;7.56;27;Medio;No;Noche;Visual;66.9;1
13.71;66.8;44.41;5.59;27;Medio;Si;Desconocido;Auditivo;75.2;1
9.68;53.87;52.2;8.85;25;Medio;Si;Mañana;Visual;67.4;1
11.55;65.71;60.76;6.5;26;Medio;Si;Mañana;Lectura/Escritura;73.7;1
12.55;94.24;80.2;4.49;26;Medio;Si;Tarde;Visual;70.5;1
12.6;93.07;100.0;5.92;19;Medio;Si;Noche;Visual;74.7;1
3.74;68.89;97.52;5.25;24;Facil;No;Tarde;Auditivo;72.0;1
13.86;76.5;87.3;8.5;24;Dificil;Si;Tarde;Kinestésico;77.7;1
8.66;69.6;90.91;6.18;21;Medio;No;Mañana;Auditivo;64.9;1
9.19;55.46;55.29;7.42;26;Medio;No;Desconocido;Visual;66.4;1
3.39;68.13;59.16;6.7;25;Facil;No;Tarde;Visual;66.5;1
10.26;88.63;75.18;5.94;29;Facil;Si;Noche;Kinestésico;97.5;1
5.45;62.28;74.07;8.05;18;Medio;No;Tarde;Lectura/Escritura;76.2;1
6.39;54.14;90.09;5.76;19;Dificil;No;Noche;Kinestésico;73.0;1
20.72;83.83;98.59;6.34;19;Medio;Si;Tarde;Auditivo;71.5;1
7.6;58.93;82.69;4.98;29;Dificil;Si;Desconocido;Lectura/Escritura;64.8;1
6.19;65.16;62.58;7.83;29;Medio;No;Tarde;Desconocido;64.9;1
1.0;56.22;58.04;8.73;28;Medio;No;Tarde;Auditivo;59.3;0
7.83;65.27;43.57;5.3;25;Facil;No;Noche;Auditivo;50.7;0
15.31;88.96;82.04;7.84;18;Dificil;Si;Desconocido;Auditivo;61.1;1
6.01;68.81;74.27;9.56;21;Facil;No;Mañana;Kinestésico;61.3;1
11.44;68.93;94.15;7.24;27;Dificil;No;Mañana;Auditivo;78.1;1
15.47;56.11;76.88;7.9;29;Dificil;Si;Mañana;Visual;70.8;1
10.83;74.41;100.0;5.58;22;Dificil;Si;Noche;Desconocido;90.3;1
16.05;74.02;67.31;5.65;26;Medio;Si;Noche;Visual;64.4;1
17.06;88.0;26.83;8.41;24;Medio;No;Desconocido;Auditivo;71.7;1
18.13;89.92;58.75;5.63;25;Medio;Si;Desconocido;Visual;91.1;1
1.0;50.53;80.51;8.16;28;Facil;No;Tarde;Visual;64.8;1
8.82;63.33;59.37;6.09;26;Medio;No;Tarde;Kinestésico;75.0;1
8.92;86.13;94.23;5.59;24;Facil;No;Tarde;Kinestésico;82.7;1
15.33;88.39;100.0;7.66;22;Medio;Si;Tarde;Kinestésico;79.8;1
13.54;63.95;72.41;7.87;22;Facil;Si;Mañana;Auditivo;72.7;1
14.99;72.67;89.18;5.9;27;Facil;Si;Mañana;Lectura/Escritura;75.1;1
12.5;73.4;100.0;7.82;28;Medio;Si;Desconocido;Lectura/Escritura;63.5;1
12.28;64.27;61.96;5.39;23;Medio;Si;Noche;Kinestésico;70.1;1
13.82;69.27;91.96;5.33;22;Medio;No;Tarde;Auditivo;77.8;1
11.4;67.1;68.06;6.09;29;Facil;Si;Tarde;Visual;76.9;1
13.26;46.69;66.05;6.32;28;Medio;No;Tarde;Lectura/Escritura;77.1;1
16.1;81.17;100.0;5.6;26;Facil;Si;Noche;Visual;77.4;1
9.64;77.9;76.68;8.26;20;Medio;No;Noche;Visual;65.0;1
10.28;65.67;74.32;8.34;20;Medio;No;Noche;Auditivo;81.9;1
11.29;83.78;84.39;6.78;24;Medio;No;Desconocido;Visual;73.5;1
8.84;71.53;51.31;9.38;24;Medio;No;Mañana;Lectura/Escritura;71.4;1
8.19;70.66;80.05;4.55;23;Medio;No;Tarde;Auditivo;71.0;1
13.37;76.63;81.09;7.39;20;Medio;Si;Tarde;Auditivo;89.7;1
11.43;63.46;65.16;4.67;24;Medio;No;Tarde;Kinestésico;74.7;1
10.53;72.59;77.74;6.71;22;Medio;No;Desconocido;Auditivo;66.0;1
13.23;66.33;100.0;5.83;24;Medio;No;Tarde;Visual;60.2;1
15.24;57.06;91.89;5.99;19;Facil;Si;Mañana;Auditivo;83.8;1
14.15;81.32;49.49;8.83;23;Medio;No;Tarde;Kinestésico;76.8;1
6.91;60.08;100.0;5.95;25;Medio;No;Noche;Auditivo;67.8;1
21.45;64.4;70.68;6.89;18;Medio;Si;Mañana;Kinestésico;84.1;1
10.18;78.11;100.0;9.2;21;Facil;Si;Noche;Visual;74.3;1
14.63;85.93;93.37;8.44;28;Facil;No;Tarde;Visual;82.9;1
8.27;61.45;69.17;8.35;18;Dificil;No;Mañana;Visual;70.4;1
11.98;47.3;52.58;8.82;18;Medio;Si;Tarde;Visual;64.6;1
15.7;69.49;85.64;5.1;27;Facil;No;Desconocido;Kinestésico;88.5;1
6.73;38.2;49.61;4.0;29;Medio;No;Tarde;Kinestésico;52.8;0
1.36;37.84;76.08;7.58;28;Medio;No;Noche;Visual;69.3;1
17.49;76.92;93.6;10.0;25;Dificil;Si;Tarde;Auditivo;85.4;1
10.51;86.2;40.0;5.22;24;Facil;No;Mañana;Kinestésico;62.0;1
9.57;62.83;34.73;7.46;29;Facil;No;Noche;Visual;68.8;1
6.52;65.31;49.15;6.45;27;Dificil;No;Desconocido;Visual;74.9;1
12.68;65.55;58.11;5.98;18;Facil;No;Tarde;Lectura/Escritura;81.9;1
11.79;81.62;63.06;7.71;28;Facil;Si;Noche;Auditivo;77.9;1
3.82;44.42;42.86;5.83;19;Dificil;No;Tarde;Desconocido;52.3;0
8.05;78.29;84.67;6.88;21;Medio;No;Desconocido;Visual;80.4;1
17.45;59.56;67.04;10.0;18;Facil;Si;Mañana;Kinestésico;80.0;1
18.22;45.9;96.06;6.1;20;Facil;Si;Tarde;Visual;65.6;1
11.71;66.18;53.67;8.92;25;Facil;No;Mañana;Visual;65.2;1
21.28;70.28;82.47;8.78;25;Facil;Si;Noche;Auditivo;82.3;1
12.4;83.32;69.43;7.06;25;Dificil;No;Mañana;Visual;72.8;1
3.3;68.7;63.18;8.59;23;Medio;No;Noche;Visual;66.7;1
10.32;53.74;38.24;4.43;23;Medio;No;Desconocido;Visual;71.7;1
11.64;72.29;66.39;8.29;22;Dificil;No;Tarde;Visual;68.8;1
6.74;74.88;63.3;7.24;26;Medio;Si;Tarde;Kinestésico;55.6;0
10.84;62.06;51.81;6.25;21;Facil;Si;Tarde;Auditivo;64.2;1
17.73;82.61;81.88;6.98;27;Medio;Si;Tarde;Visual;84.6;1
14.31;84.66;100.0;9.89;29;Dificil;Si;Tarde;Visual;80.9;1
2.98;71.45;65.04;9.19;29;Dificil;No;Noche;Visual;57.7;0
10.61;57.22;73.72;7.26;29;Facil;No;Noche;Desconocido;59.7;0
2.84;39.2;80.62;8.14;24;Medio;No;Noche;Visual;65.6;1
13.38;75.32;79.02;6.45;18;Medio;Si;Noche;Desconocido;84.5;1
8.49;68.21;94.71;6.71;26;Dificil;No;Noche;Visual;77.8;1
11.92;69.57;74.67;7.91;24;Facil;Si;Tarde;Visual;84.2;1
10.64;75.6;79.53;4.0;27;Medio;No;Noche;Lectura/Escritura;62.9;1
7.98;89.04;59.91;10.0;29;Dificil;No;Noche;Kinestésico;63.2;1
11.85;75.97;74.77;4.52;26;Medio;No;Tarde;Visual;74.1;1
16.7;100.0;100.0;7.15;24;Medio;Si;Noche;Kinestésico;86.9;1
11.58;43.92;92.4;7.18;19;Facil;No;Tarde;Desconocido;72.8;1
10.16;55.93;61.59;7.77;23;Facil;Si;Noche;Kinestésico;58.2;0
11.11;68.09;85.7;7.4;27;Medio;Si;Noche;Auditivo;64.2;1
13.4;79.82;63.54;7.81;29;Dificil;Si;Noche;Kinestésico;72.9;1
7.94;48.2;89.83;7.69;28;Facil;No;Mañana;Lectura/Escritura;70.2;1
4.03;66.99;29.87;7.75;21;Medio;No;Noche;Visual;61.3;1
9.29;78.64;69.8;6.61;20;Medio;Si;Tarde;Auditivo;65.4;1
9.36;64.84;87.18;6.48;19;Facil;No;Tarde;Auditivo;73.2;1
14.89;71.11;100.0;6.03;23;Medio;Si;Noche;Visual;74.6;1
13.46;76.34;82.2;8.65;25;Medio;Si;Desconocido;Visual;78.2;1
15.09;94.1;82.9;5.57;23;Dificil;Si;Desconocido;Visual;85.6;1
12.38;99.92;84.56;6.38;26;Medio;No;Tarde;Auditivo;83.8;1
10.02;90.1;62.46;4.9;22;Medio;No;Tarde;Auditivo;72.2;1
9.83;73.51;84.17;10.0;19;Facil;No;Noche;Auditivo;72.2;1
7.05;66.06;46.36;4.85;25;Dificil;No;Tarde;Visual;58.0;0
9.78;67.37;73.92;6.28;26;Facil;Si;Desconocido;Auditivo;74.3;1
9.43;79.73;78.61;7.95;27;Medio;No;Noche;Lectura/Escritura;78.2;1
4.1;97.99;88.47;6.79;21;Facil;No;Tarde;Visual;78.5;1
1.0;53.6;57.82;9.59;23;Dificil;No;Noche;Auditivo;64.8;1
12.97;72.06;100.0;8.31;28;Medio;Si;Tarde;Kinestésico;69.1;1
5.83;52.46;61.71;8.52;27;Medio;No;Tarde;Kinestésico;73.9;1
9.62;54.53;64.76;7.1;25;Facil;Si;Tarde;Auditivo;57.9;0
16.13;70.13;60.5;5.79;26;Medio;Si;Tarde;Lectura/Escritura;66.6;1
14.67;63.91;60.3;6.13;29;Medio;Si;Tarde;Visual;77.1;1
8.75;87.32;57.75;6.57;22;Medio;No;Tarde;Lectura/Escritura;80.1;1
2.87;85.86;92.84;8.04;29;Facil;No;Tarde;Visual;56.0;0
10.77;63.29;65.27;7.14;23;Dificil;No;Mañana;Visual;65.7;1
4.84;61.36;63.0;7.28;28;Dificil;Si;Tarde;Visual;59.4;0
11.6;56.34;57.53;9.66;21;Facil;Si;Mañana;Kinestésico;66.5;1
7.76;76.38;78.76;6.86;22;Dificil;No;Mañana;Auditivo;78.7;1
6.68;85.28;75.58;8.19;24;Medio;No;Noche;Visual;72.7;1
11.42;50.96;92.92;6.12;26;Medio;No;Noche;Visual;67.4;1
18.27;89.83;89.37;6.89;27;Medio;Si;Noche;Lectura/Escritura;78.6;1
10.72;81.47;65.38;7.18;28;Medio;Si;Tarde;Kinestésico;68.9;1
14.26;66.49;76.13;9.51;23;Medio;No;Noche;Auditivo;88.1;1
1.0;49.8;46.08;5.37;23;Medio;No;Noche;Auditivo;57.8;0
9.53;81.83;100.0;6.21;25;Medio;No;Noche;Auditivo;66.9;1
11.81;88.47;100.0;7.99;28;Medio;No;Tarde;Visual;77.6;1
8.52;52.9;83.34;7.27;21;Medio;No;Noche;Lectura/Escritura;65.6;1
16.86;88.71;90.29;8.74;20;Facil;Si;Noche;Visual;79.5;1
9.55;61.97;86.11;6.65;24;Dificil;No;Noche;Desconocido;71.0;1
2.47;56.17;65.44;5.43;22;Medio;No;Mañana;Visual;61.5;1
3.76;76.21;66.71;6.44;19;Facil;No;Tarde;Desconocido;67.8;1
4.8;58.38;74.17;6.42;19;Facil;No;Tarde;Auditivo;66.0;1
4.25;62.79;64.53;7.3;28;Medio;No;Tarde;Auditivo;62.0;1
12.81;59.99;73.77;6.83;23;Dificil;No;Noche;Visual;78.1;1
9.99;72.78;100.0;7.17;25;Medio;No;Mañana;Auditivo;84.1;1
16.16;89.3;100.0;6.75;18;Medio;Si;Mañana;Visual;74.4;1
7.58;82.24;100.0;4.53;28;Facil;No;Tarde;Visual;64.1;1
5.23;58.83;44.57;4.44;23;Medio;No;Mañana;Visual;48.8;0
14.57;91.17;72.1;9.12;29;Dificil;Si;Mañana;Kinestésico;77.4;1
13.31;58.88;55.77;7.54;19;Medio;No;Noche;Auditivo;66.6;1
13.61;67.49;57.08;6.34;19;Facil;Si;Tarde;Auditivo;74.7;1
1.78;71.64;100.0;5.74;24;Medio;No;Mañana;Kinestésico;69.6;1
17.77;67.41;79.12;8.12;27;Facil;Si;Tarde;Kinestésico;63.5;1
11.0;82.72;89.5;8.24;18;Medio;No;Tarde;Auditivo;60.8;1
7.32;47.87;100.0;8.64;23;Medio;No;Mañana;Visual;72.1;1
15.54;72.4;88.98;6.49;24;Medio;No;Noche;Desconocido;72.4;1
11.33;77.51;54.11;8.67;25;Facil;No;Noche;Desconocido;69.6;1
4.46;51.12;60.95;6.96;24;Dificil;No;Noche;Auditivo;45.1;0
3.62;30.0;47.04;5.65;23;Medio;No;Noche;Kinestésico;57.1;0
7.08;45.48;52.29;5.68;26;Medio;Si;Desconocido;Lectura/Escritura;68.3;1
9.69;52.61;87.97;5.7;20;Medio;No;Noche;Visual;66.7;1
7.72;48.73;74.57;6.87;28;Medio;No;Noche;Desconocido;62.3;1
10.85;52.75;77.54;7.31;23;Medio;Si;Noche;Auditivo;69.8;1
12.53;66.41;95.8;8.72;21;Medio;Si;Mañana;Visual;59.0;0
13.43;58.58;88.04;6.59;19;Medio;Si;Desconocido;Visual;82.2;1
8.56;72.36;70.98;6.01;18;Facil;No;Noche;Lectura/Escritura;70.5;1
5.71;66.02;65.78;8.32;29;Dificil;No;Noche;Visual;48.5;0
17.38;71.72;100.0;8.18;29;Medio;Si;Mañana;Lectura/Escritura;79.5;1
13.17;99.65;43.75;5.04;18;Facil;No;Noche;Kinestésico;78.4;1
9.16;71.6;95.38;6.97;28;Medio;No;Noche;Kinestésico;72.8;1
17.69;90.77;98.69;6.01;27;Dificil;Si;Noche;Visual;74.6;1
14.44;81.02;79.27;9.76;20;Dificil;Si;Tarde;Visual;68.0;1
15.35;58.33;61.65;6.83;21;Medio;Si;Noche;Desconocido;78.2;1
6.96;52.83;71.6;5.99;19;Facil;No;Tarde;Visual;59.9;0
9.17;57.33;69.85;7.66;29;Medio;Si;Desconocido;Desconocido;53.4;0
1.0;51.29;88.41;8.24;28;Facil;No;Tarde;Visual;62.6;1
5.39;74.14;85.59;7.58;28;Dificil;No;Noche;Visual;76.0;1
19.8;100.0;52.86;9.03;28;Facil;Si;Mañana;Visual;79.9;1
8.91;61.54;50.69;6.36;18;Facil;No;Tarde;Kinestésico;79.5;1
13.64;88.07;97.14;5.11;21;Medio;Si;Noche;Visual;82.8;1
5.09;70.02;69.9;9.87;24;Medio;No;Noche;Visual;72.5;1
11.48;82.78;80.83;4.37;27;Medio;No;Tarde;Auditivo;71.8;1
5.25;63.08;55.93;6.87;28;Medio;No;Noche;Lectura/Escritura;61.1;1
8.83;55.03;81.51;5.48;23;Facil;Si;Noche;Desconocido;69.4;1
3.17;66.76;92.03;5.7;23;Facil;No;Mañana;Visual;58.4;0
9.65;70.85;65.33;7.95;28;Medio;No;Tarde;Auditivo;72.8;1
14.35;45.62;80.93;7.49;26;Facil;Si;Mañana;Lectura/Escritura;60.8;1
7.4;57.12;72.66;6.64;19;Medio;No;Tarde;Kinestésico;62.3;1
9.11;64.15;90.77;9.33;21;Medio;No;Tarde;Auditivo;65.1;1
7.96;48.93;39.52;8.61;22;Medio;No;Desconocido;Visual;74.1;1
1.0;50.79;74.47;6.61;18;Dificil;No;Noche;Auditivo;63.0;1
14.73;47.64;46.64;6.89;25;Dificil;No;Mañana;Visual;65.2;1
11.37;74.8;89.3;6.44;25;Dificil;Si;Mañana;Kinestésico;68.2;1
10.79;72.55;100.0;6.81;23;Facil;No;Tarde;Kinestésico;81.1;1
1.0;75.16;85.01;10.0;29;Facil;No;Tarde;Lectura/Escritura;65.6;1
11.17;87.03;100.0;8.93;22;Medio;Si;Desconocido;Visual;79.1;1
10.01;85.47;70.42;6.28;25;Dificil;No;Noche;Visual;61.8;1
15.22;60.77;84.96;9.5;20;Dificil;Si;Desconocido;Auditivo;73.4;1
15.56;53.46;83.29;7.58;20;Dificil;Si;Tarde;Kinestésico;69.8;1
7.97;69.0;69.07;5.41;19;Facil;No;Noche;Kinestésico;64.4;1
10.47;72.21;88.6;6.73;22;Dificil;No;Tarde;Desconocido;74.6;1
15.85;61.62;48.56;7.4;20;Medio;Si;Noche;Visual;61.6;1
1.92;60.45;100.0;10.0;20;Facil;No;Tarde;Auditivo;66.7;1
18.75;92.13;66.16;6.66;23;Medio;Si;Mañana;Visual;80.7;1
10.57;68.85;92.54;6.43;25;Facil;Si;Noche;Lectura/Escritura;67.6;1
12.87;69.04;64.64;4.0;19;Medio;No;Desconocido;Auditivo;62.9;1
6.44;73.67;65.94;6.61;21;Medio;No;Noche;Kinestésico;60.7;1
16.35;84.18;73.82;7.1;28;Medio;Si;Tarde;Auditivo;80.7;1
6.47;63.21;98.09;5.82;24;Medio;No;Desconocido;Kinestésico;68.8;1
11.83;54.33;45.64;5.38;18;Dificil;Si;Mañana;Visual;67.3;1
12.45;73.55;71.75;5.32;18;Medio;No;Tarde;Kinestésico;86.4;1
12.94;49.99;59.97;8.97;29;Medio;Si;Noche;Visual;69.5;1
13.84;94.67;77.09;10.0;27;Dificil;No;Tarde;Auditivo;60.5;1
2.59;48.62;100.0;6.84;24;Dificil;No;Noche;Visual;69.2;1
22.56;100.0;66.55;5.15;24;Facil;Si;Noche;Auditivo;97.5;1
3.08;37.45;56.86;4.03;18;Medio;No;Noche;Visual;58.1;0
5.54;61.27;65.55;6.27;18;Facil;No;Tarde;Visual;60.4;1
6.24;79.04;75.23;6.49;21;Facil;No;Noche;Lectura/Escritura;73.7;1
4.28;83.61;75.68;6.67;22;Medio;No;Tarde;Visual;63.5;1
5.17;50.61;64.3;8.09;22;Dificil;No;Tarde;Kinestésico;69.4;1
7.37;60.96;66.88;9.05;21;Facil;Si;Mañana;Lectura/Escritura;64.3;1
10.27;66.1;80.88;6.57;25;Dificil;Si;Desconocido;Visual;63.9;1
9.96;63.17;78.71;7.77;24;Dificil;Si;Mañana;Kinestésico;62.5;1
11.35;85.03;60.89;8.14;26;Dificil;Si;Noche;Visual;68.1;1
16.38;73.9;81.62;8.7;24;Facil;Si;Mañana;Visual;78.3;1
6.63;67.64;65.66;7.33;27;Dificil;No;Tarde;Auditivo;59.5;0
13.89;80.06;99.31;6.67;18;Medio;Si;Noche;Lectura/Escritura;80.0;1
16.32;66.53;79.89;6.92;24;Medio;No;Tarde;Visual;62.5;1
14.1;47.76;93.29;7.28;18;Facil;Si;Mañana;Auditivo;81.8;1
9.87;50.17;48.68;4.2;24;Facil;Si;Mañana;Auditivo;60.8;1
9.28;82.67;64.36;7.52;27;Medio;No;Noche;Lectura/Escritura;67.1;1
13.59;78.69;74.52;7.53;25;Medio;No;Mañana;Visual;96.8;1
15.42;64.68;39.76;6.23;28;Facil;Si;Tarde;Kinestésico;72.7;1
13.76;93.44;87.0;5.02;26;Facil;Si;Desconocido;Kinestésico;79.9;1
5.56;73.44;72.76;7.39;29;Medio;No;Noche;Kinestésico;77.1;1
17.94;95.58;73.67;7.86;20;Facil;Si;Noche;Lectura/Escritura;92.8;1
9.76;63.12;44.08;6.05;21;Dificil;Si;Noche;Kinestésico;61.3;1
10.4;69.34;72.86;4.0;21;Facil;No;Mañana;Visual;75.0;1
8.37;58.12;88.73;6.87;29;Facil;No;Tarde;Auditivo;65.5;1
6.97;90.2;96.24;9.94;26;Medio;No;Tarde;Visual;80.8;1
12.1;60.91;66.66;4.0;24;Medio;No;Mañana;Visual;68.5;1
12.69;70.4;69.69;5.49;20;Medio;No;Tarde;Auditivo;73.0;1
13.24;86.68;73.27;5.93;27;Medio;Si;Tarde;Visual;78.1;1
15.95;70.92;89.96;7.2;22;Dificil;Si;Tarde;Auditivo;80.0;1
9.12;66.87;97.9;5.5;24;Medio;No;Noche;Lectura/Escritura;73.4;1
13.27;89.21;84.34;9.09;25;Facil;Si;Tarde;Visual;72.0;1
11.38;65.59;72.96;6.19;18;Medio;No;Noche;Lectura/Escritura;64.4;1
15.8;100.0;91.75;9.1;29;Dificil;Si;Tarde;Auditivo;77.2;1
8.33;36.61;57.46;4.82;19;Medio;No;Tarde;Auditivo;60.1;1
11.13;77.34;73.37;8.04;24;Facil;No;Tarde;Kinestésico;80.8;1
12.43;59.08;86.34;6.65;28;Medio;Si;Mañana;Visual;62.1;1
9.2;98.21;100.0;10.0;19;Medio;No;Desconocido;Auditivo;76.6;1
12.47;73.2;100.0;9.8;24;Medio;Si;Tarde;Auditivo;86.0;1
16.46;100.0;100.0;8.63;26;Facil;No;Noche;Visual;83.9;1
10.88;82.88;71.9;6.13;28;Facil;Si;Noche;Lectura/Escritura;74.5;1
9.74;74.1;58.54;6.97;19;Medio;No;Mañana;Kinestésico;72.4;1
14.28;92.24;45.19;5.14;24;Facil;Si;Noche;Visual;73.8;1
10.76;82.03;95.63;7.61;21;Medio;Si;Noche;Visual;68.9;1
3.33;70.77;100.0;6.68;28;Medio;No;Noche;Auditivo;70.1;1
5.69;67.79;92.18;4.6;19;Facil;No;Noche;Visual;60.6;1
3.51;63.54;100.0;7.11;24;Dificil;No;Tarde;Auditivo;64.5;1
10.94;51.93;64.93;9.15;22;Dificil;No;Mañana;Visual;71.4;1
15.01;78.73;100.0;7.51;18;Medio;No;Desconocido;Auditivo;80.3;1
8.17;80.73;100.0;8.85;22;Facil;No;Tarde;Visual;86.4;1
7.13;32.32;74.37;6.71;29;Facil;No;Tarde;Visual;62.5;1
9.39;45.76;75.78;6.42;29;Medio;No;Desconocido;Kinestésico;75.5;1
6.02;71.3;55.53;5.5;20;Facil;No;Noche;Auditivo;65.4;1
20.27;96.61;70.88;5.22;24;Dificil;Si;Noche;Lectura/Escritura;93.9;1
6.54;73.59;79.94;7.26;23;Facil;No;Noche;Lectura/Escritura;76.0;1
8.06;64.32;100.0;6.63;25;Medio;No;Noche;Visual;62.0;1
6.46;77.68;61.34;5.15;22;Medio;No;Noche;Visual;68.7;1
13.18;65.35;98.49;7.73;19;Medio;No;Mañana;Kinestésico;75.4;1
14.85;44.25;81.94;7.14;26;Facil;No;Tarde;Lectura/Escritura;74.8;1
19.97;80.15;100.0;6.37;28;Medio;Si;Tarde;Kinestésico;81.1;1
7.47;77.47;71.65;8.87;25;Facil;No;Noche;Visual;70.6;1
7.16;78.51;64.99;4.28;23;Dificil;No;Tarde;Lectura/Escritura;75.6;1
3.6;53.53;60.11;7.41;27;Facil;No;Noche;Visual;64.4;1
4.37;70.88;70.06;6.72;24;Dificil;No;Mañana;Kinestésico;71.9;1
3.42;66.83;94.31;6.64;26;Dificil;No;Tarde;Lectura/Escritura;63.0;1
8.2;73.94;34.34;6.85;24;Facil;No;Noche;Visual;75.0;1
18.32;80.3;66.28;4.0;20;Medio;Si;Mañana;Lectura/Escritura;69.7;1
4.58;40.86;71.29;4.0;23;Facil;No;Tarde;Visual;55.6;0
7.75;60.04;54.88;7.68;28;Dificil;No;Tarde;Lectura/Escritura;75.9;1
13.34;79.0;95.72;5.9;28;Medio;Si;Tarde;Visual;70.1;1
12.24;100.0;67.47;7.86;24;Medio;Si;Noche;Lectura/Escritura;89.9;1
12.2;86.75;79.43;4.69;19;Medio;No;Tarde;Visual;76.1;1
3.68;65.47;52.95;5.88;20;Facil;No;Tarde;Kinestésico;63.6;1
1.58;63.62;78.81;4.0;21;Dificil;No;Mañana;Auditivo;52.3;0
6.38;67.18;81.83;9.36;27;Facil;No;Noche;Auditivo;70.8;1
10.35;95.11;73.42;7.02;23;Medio;Si;Tarde;Visual;85.9;1
6.58;77.25;94.07;4.11;18;Medio;No;Noche;Kinestésico;81.0;1
10.52;58.78;81.41;8.09;26;Dificil;No;Noche;Visual;76.3;1
9.91;78.33;57.97;7.65;22;Facil;No;Mañana;Auditivo;67.6;1
12.85;51.04;60.57;5.8;29;Medio;No;Noche;Visual;75.7;1
16.67;60.82;42.49;8.8;24;Medio;Si;Desconocido;Lectura/Escritura;76.4;1
6.49;88.15;78.2;6.78;26;Medio;No;Tarde;Desconocido;80.8;1
3.84;73.98;68.33;8.43;26;Facil;No;Mañana;Visual;69.0;1
3.98;75.2;94.47;8.97;18;Facil;No;Noche;Visual;58.7;0
12.9;68.96;54.46;5.68;18;Facil;Si;Noche;Auditivo;70.1;1
6.86;70.62;57.31;6.23;20;Medio;Si;Mañana;Visual;59.3;0
8.39;66.14;100.0;10.0;23;Facil;Si;Tarde;Auditivo;80.0;1
9.26;82.51;100.0;5.92;19;Medio;No;Noche;Lectura/Escritura;84.5;1
10.71;80.44;58.32;7.57;27;Facil;Si;Noche;Kinestésico;77.0;1
11.09;78.95;100.0;6.57;29;Dificil;Si;Noche;Auditivo;84.6;1
7.91;72.63;96.87;6.79;28;Dificil;Si;Tarde;Visual;74.4;1
1.0;37.05;24.76;5.72;18;Medio;No;Noche;Kinestésico;40.0;0
9.0;78.07;91.25;8.79;18;Medio;Si;Tarde;Visual;50.2;0
4.88;59.37;86.29;6.73;22;Facil;No;Desconocido;Kinestésico;65.0;1
9.63;51.61;65.21;8.2;21;Facil;Si;Noche;Visual;68.3;1
11.75;51.37;97.23;8.37;18;Facil;No;Noche;Auditivo;69.4;1
9.98;65.0;69.59;5.1;21;Medio;No;Tarde;Desconocido;61.3;1
13.15;59.27;94.63;6.64;20;Medio;No;Tarde;Lectura/Escritura;60.4;1
7.71;68.4;68.91;6.24;19;Dificil;Si;Noche;Visual;65.2;1
9.14;85.99;96.5;6.41;26;Medio;No;Tarde;Auditivo;76.2;1
9.89;62.02;23.49;7.98;28;Medio;No;Noche;Visual;62.1;1
12.7;61.89;73.47;8.57;18;Medio;Si;Noche;Kinestésico;82.6;1
12.75;84.01;69.38;7.62;24;Medio;No;Mañana;Lectura/Escritura;63.0;1
10.5;65.98;100.0;5.0;21;Facil;Si;Desconocido;Auditivo;82.2;1
8.42;59.85;56.09;7.09;22;Medio;Si;Noche;Auditivo;71.6;1
4.71;52.08;66.93;7.09;27;Medio;No;Noche;Lectura/Escritura;68.9;1
3.54;76.79;77.59;7.15;22;Medio;No;Noche;Auditivo;63.8;1
4.23;40.61;49.27;7.86;18;Dificil;No;Noche;Auditivo;64.7;1
10.62;56.79;85.07;6.0;23;Medio;Si;Mañana;Auditivo;71.8;1
5.97;74.73;100.0;5.67;26;Facil;No;Tarde;Kinestésico;70.3;1
10.07;46.43;30.48;7.34;19;Medio;Si;Noche;Visual;65.7;1
10.75;63.99;80.15;6.44;24;Medio;No;Mañana;Desconocido;71.3;1
5.81;56.28;82.96;6.91;23;Facil;No;Mañana;Auditivo;73.3;1
8.0;57.44;80.72;7.02;22;Medio;No;Noche;Visual;53.6;0
11.68;76.67;77.14;7.48;21;Dificil;No;Noche;Kinestésico;69.7;1
21.83;80.58;84.0;9.34;21;Dificil;Si;Mañana;Visual;81.4;1
10.55;58.17;81.04;7.19;23;Facil;No;Noche;Visual;74.4;1
11.21;69.15;78.97;5.46;21;Dificil;No;Noche;Auditivo;77.2;1
19.71;100.0;84.45;7.13;22;Medio;Si;Tarde;Lectura/Escritura;91.8;1
8.12;41.1;83.84;6.33;23;Medio;No;Noche;Lectura/Escritura;61.3;1
1.0;67.71;49.94;5.47;22;Medio;No;Tarde;Lectura/Escritura;62.6;1
16.26;82.29;75.93;7.82;24;Dificil;Si;Mañana;Lectura/Escritura;78.1;1
11.34;68.25;59.44;4.83;26;Medio;No;Tarde;Visual;75.7;1
12.72;86.89;87.48;8.38;27;Medio;No;Tarde;Visual;67.2;1
19.48;78.16;68.81;7.99;24;Medio;Si;Tarde;Kinestésico;79.0;1
19.55;84.97;81.78;8.11;24;Medio;Si;Noche;Visual;69.0;1
19.19;85.16;95.97;7.45;21;Facil;Si;Noche;Auditivo;93.7;1
15.58;67.52;75.43;7.9;18;Dificil;Si;Tarde;Auditivo;75.0;1
1.0;59.51;33.93;6.57;25;Medio;No;Noche;Visual;60.4;1
14.17;100.0;93.45;7.01;21;Medio;Si;Mañana;Lectura/Escritura;86.3;1
10.22;67.94;100.0;6.41;18;Facil;No;Mañana;Auditivo;78.3;1
10.97;77.64;76.73;7.65;22;Medio;Si;Noche;Desconocido;69.9;1
10.24;78.6;69.12;7.03;25;Facil;No;Mañana;Lectura/Escritura;71.8;1
4.76;65.9;96.15;7.92;21;Facil;No;Mañana;Auditivo;66.4;1
5.13;59.22;81.99;6.12;29;Medio;No;Noche;Visual;55.5;0
7.19;64.56;75.13;8.49;25;Medio;No;Tarde;Auditivo;64.0;1
10.56;68.62;72.51;9.84;25;Medio;No;Noche;Kinestésico;69.8;1
18.93;74.49;72.46;7.92;20;Facil;Si;Tarde;Kinestésico;78.5;1
19.4;71.79;62.09;5.12;26;Medio;Si;Mañana;Kinestésico;65.3;1
14.81;77.13;75.33;6.87;20;Facil;Si;Tarde;Kinestésico;85.5;1
9.02;92.94;80.31;5.75;18;Dificil;No;Tarde;Visual;68.1;1
12.57;100.0;100.0;7.76;19;Medio;No;Tarde;Lectura/Escritura;82.6;1
18.37;77.38;87.24;7.69;23;Medio;Si;Tarde;Lectura/Escritura;80.6;1
1.0;68.47;51.11;7.32;29;Medio;No;Noche;Visual;57.4;0
8.65;66.22;36.47;6.88;27;Facil;Si;Desconocido;Visual;70.2;1
6.66;71.04;78.35;7.88;19;Dificil;No;Tarde;Lectura/Escritura;65.1;1
8.4;64.48;60.44;6.81;23;Facil;No;Tarde;Lectura/Escritura;62.3;1
8.7;69.3;100.0;6.98;18;Medio;No;Tarde;Lectura/Escritura;77.5;1
5.27;58.98;88.85;6.76;28;Medio;No;Noche;Lectura/Escritura;77.5;1
7.34;74.61;52.39;9.4;18;Facil;No;Noche;Auditivo;73.4;1
1.42;44.73;59.77;4.0;22;Dificil;No;Mañana;Auditivo;68.8;1
11.54;75.81;71.19;8.52;27;Medio;Si;Noche;Auditivo;72.1;1
24.39;94.96;79.84;7.48;28;Facil;Si;Desconocido;Visual;71.5;1
17.61;70.58;93.83;10.0;26;Facil;Si;Mañana;Kinestésico;85.6;1
20.6;90.57;81.14;6.7;25;Facil;Si;Mañana;Auditivo;91.4;1
17.13;77.81;100.0;6.97;20;Dificil;Si;Tarde;Auditivo;91.0;1
8.53;71.07;75.83;7.28;20;Medio;Si;Desconocido;Auditivo;66.6;1
13.56;63.74;81.46;7.89;18;Facil;No;Mañana;Auditivo;66.8;1
17.16;97.37;72.05;6.11;20;Facil;Si;Noche;Visual;77.8;1
1.0;43.57;100.0;8.61;29;Medio;No;Tarde;Visual;48.8;0
11.72;66.37;86.58;6.39;29;Medio;Si;Tarde;Visual;71.1;1
11.59;72.86;71.85;7.22;29;Medio;Si;Tarde;Desconocido;81.2;1
4.53;58.48;87.85;10.0;28;Medio;No;Mañana;Lectura/Escritura;65.3;1
10.13;84.78;88.1;5.35;18;Facil;No;Tarde;Visual;76.1;1
16.96;72.48;83.56;9.45;25;Medio;Si;Mañana;Visual;86.4;1
7.41;72.51;72.56;5.71;18;Dificil;No;Tarde;Desconocido;63.3;1
7.31;55.99;86.76;5.35;22;Facil;No;Mañana;Auditivo;81.2;1
5.74;57.28;48.44;6.82;26;Medio;No;Tarde;Visual;79.4;1
9.86;76.59;65.61;7.62;24;Medio;No;Mañana;Kinestésico;77.0;1
13.45;62.7;62.76;7.07;21;Medio;No;Desconocido;Kinestésico;64.8;1
16.76;98.43;78.45;8.91;28;Facil;Si;Noche;Visual;86.1;1
13.0;62.58;47.57;7.98;26;Dificil;Si;Mañana;Visual;71.2;1
1.0;77.98;86.52;6.2;26;Medio;No;Tarde;Lectura/Escritura;66.7;1
8.01;68.32;87.91;4.09;19;Medio;No;Mañana;Kinestésico;80.4;1
8.13;56.84;79.58;7.27;27;Medio;No;Tarde;Kinestésico;73.0;1
1.0;33.87;33.07;5.72;27;Facil;No;Tarde;Visual;58.7;0
12.14;74.45;74.42;7.94;28;Facil;No;Tarde;Auditivo;68.4;1
5.29;61.05;60.37;7.27;29;Medio;No;Tarde;Auditivo;55.1;0
4.42;59.94;55.12;6.18;23;Facil;No;Noche;Visual;68.8;1
12.04;77.55;100.0;7.61;21;Medio;Si;Tarde;Auditivo;73.6;1
6.23;62.19;71.7;6.65;25;Medio;No;Tarde;Auditivo;63.1;1
14.54;61.84;92.77;10.0;29;Medio;Si;Tarde;Visual;80.9;1
6.31;57.6;61.78;4.95;28;Medio;No;Noche;Kinestésico;71.6;1
8.45;75.93;94.96;5.93;24;Medio;No;Noche;Kinestésico;83.9;1
8.15;91.38;38.77;6.51;24;Facil;No;Tarde;Visual;65.3;1
16.21;90.67;86.94;8.15;28;Medio;No;Noche;Kinestésico;74.3;1
7.82;80.25;76.53;6.24;27;Medio;No;Desconocido;Visual;73.0;1
11.67;87.47;51.71;6.36;26;Medio;No;Noche;Kinestésico;73.6;1
9.09;50.7;62.33;6.88;22;Facil;No;Noche;Visual;82.1;1
2.19;54.2;68.22;7.42;23;Medio;No;Mañana;Visual;62.5;1
11.61;86.96;77.84;7.35;18;Facil;No;Noche;Auditivo;86.9;1
8.73;99.39;54.37;7.79;23;Facil;Si;Tarde;Auditivo;79.3;1
1.0;46.03;46.22;5.13;19;Facil;No;Tarde;Desconocido;64.6;1
7.57;57.65;93.76;8.08;23;Dificil;No;Tarde;Visual;62.9;1
7.53;59.47;82.53;6.51;26;Facil;No;Noche;Visual;69.9;1
4.62;86.47;99.41;6.54;25;Facil;No;Mañana;Auditivo;83.7;1
9.03;65.83;76.33;6.69;26;Facil;No;Mañana;Auditivo;82.5;1
1.25;47.98;48.32;9.0;27;Facil;No;Noche;Visual;69.4;1
10.08;69.68;71.55;4.74;25;Medio;No;Mañana;Desconocido;74.0;1
15.51;64.96;83.01;7.77;20;Facil;Si;Mañana;Kinestésico;85.9;1
18.42;75.56;100.0;6.73;25;Facil;Si;Mañana;Lectura/Escritura;62.6;1
15.61;83.05;66.82;8.9;23;Medio;Si;Tarde;Lectura/Escritura;67.5;1
5.31;54.72;58.68;6.74;23;Medio;No;Tarde;Visual;70.8;1
3.79;30.0;67.69;8.47;23;Medio;No;Mañana;Kinestésico;58.6;0
9.05;53.8;78.0;7.53;20;Medio;No;Noche;Visual;79.8;1
3.65;55.4;56.71;8.56;27;Facil;No;Noche;Kinestésico;61.2;1
10.95;100.0;100.0;7.7;18;Medio;No;Desconocido;Auditivo;83.4;1
12.62;85.09;78.51;6.52;29;Facil;No;Desconocido;Lectura/Escritura;69.8;1
1.0;60.68;60.24;6.39;21;Medio;No;Tarde;Kinestésico;65.3;1
8.24;69.94;69.33;6.44;27;Medio;No;Noche;Lectura/Escritura;75.6;1
12.13;89.47;98.89;6.31;29;Facil;No;Desconocido;Kinestésico;89.3;1
11.95;45.33;80.36;7.43;23;Medio;No;Mañana;Lectura/Escritura;84.3;1
8.08;74.76;90.84;7.79;28;Dificil;Si;Noche;Kinestésico;75.3;1
5.67;76.46;40.23;4.72;29;Dificil;No;Tarde;Auditivo;62.0;1
15.77;66.68;51.91;6.59;27;Medio;Si;Tarde;Visual;67.9;1
9.31;66.56;51.51;6.93;19;Medio;No;Noche;Visual;61.9;1
6.76;89.39;99.73;5.61;24;Facil;Si;Desconocido;Visual;68.5;1
12.65;70.7;55.21;8.68;24;Facil;Si;Desconocido;Auditivo;77.9;1
12.02;70.43;47.95;5.45;28;Medio;No;Noche;Auditivo;70.1;1
5.85;92.7;51.61;5.77;21;Medio;Si;Mañana;Auditivo;74.8;1
5.72;78.55;84.9;5.96;21;Dificil;No;Noche;Lectura/Escritura;66.1;1
2.39;59.61;69.02;8.99;18;Medio;No;Tarde;Lectura/Escritura;61.7;1
7.64;62.87;60.04;7.73;19;Medio;Si;Noche;Visual;72.8;1
18.69;77.09;68.86;6.62;26;Medio;Si;Noche;Visual;75.8;1
11.52;98.9;100.0;8.25;27;Dificil;No;Noche;Auditivo;77.2;1
10.9;74.37;61.84;5.79;25;Medio;No;Noche;Visual;54.6;0
1.0;57.76;51.21;8.02;25;Medio;No;Tarde;Kinestésico;59.7;0
4.18;55.76;91.32;5.86;26;Medio;No;Desconocido;Auditivo;66.7;1
9.84;57.86;62.88;8.07;24;Dificil;No;Tarde;Auditivo;56.7;0
1.31;30.0;39.28;7.28;26;Facil;No;Noche;Lectura/Escritura;54.0;0
14.13;72.44;79.63;4.5;27;Dificil;Si;Desconocido;Kinestésico;77.2;1
7.24;69.45;54.62;5.91;29;Medio;No;Mañana;Visual;72.0;1
11.12;49.43;82.1;5.66;19;Medio;Si;Noche;Kinestésico;76.9;1
10.04;54.84;67.58;8.41;23;Medio;Si;Noche;Auditivo;70.3;1
14.55;77.77;53.94;7.42;20;Medio;Si;Noche;Visual;70.3;1
6.88;63.04;66.77;6.08;28;Facil;No;Desconocido;Visual;66.0;1
1.87;64.07;68.7;6.05;23;Dificil;No;Tarde;Auditivo;70.6;1
7.5;48.52;53.5;7.45;20;Medio;Si;Mañana;Visual;69.8;1
5.03;75.08;67.42;5.6;25;Medio;No;Mañana;Visual;72.7;1
6.09;84.72;67.53;7.34;28;Facil;No;Desconocido;Kinestésico;77.4;1
16.18;67.26;68.75;6.31;21;Medio;No;Noche;Kinestésico;74.6;1
7.15;64.03;27.7;7.63;29;Medio;Si;Noche;Visual;59.4;0
12.84;68.78;83.78;7.7;27;Medio;No;Noche;Visual;75.5;1
6.28;56.39;35.81;6.59;23;Medio;No;Noche;Kinestésico;68.9;1
12.39;80.78;93.22;8.27;26;Medio;Si;Mañana;Visual;84.3;1
17.9;71.22;73.17;6.9;19;Dificil;Si;Mañana;Lectura/Escritura;73.9;1
17.86;95.75;69.95;6.49;19;Medio;Si;Mañana;Auditivo;74.6;1
17.09;82.94;77.44;9.14;24;Dificil;Si;Tarde;Visual;72.3;1
16.29;83.72;73.52;7.07;19;Facil;No;Tarde;Visual;76.0;1
1.68;43.21;79.07;8.07;19;Medio;No;Mañana;Visual;66.4;1
10.42;72.74;41.1;4.92;21;Medio;No;Tarde;Visual;57.3;0
7.09;61.71;75.73;6.04;26;Medio;Si;Mañana;Visual;72.9;1
4.49;56.62;54.96;5.16;25;Dificil;No;Noche;Auditivo;70.0;1
9.82;52.68;70.73;6.03;19;Facil;Si;Tarde;Visual;62.0;1
7.27;64.52;70.21;8.27;25;Facil;Si;Tarde;Auditivo;76.1;1
6.16;76.09;89.05;7.04;21;Dificil;No;Tarde;Auditivo;71.5;1
6.94;42.22;33.51;6.59;19;Facil;No;Noche;Visual;71.0;1
7.06;73.75;62.82;6.48;28;Medio;No;Mañana;Visual;66.4;1
13.03;87.62;83.18;8.53;27;Medio;Si;Tarde;Visual;69.1;1
5.11;48.31;66.11;7.12;24;Dificil;No;Desconocido;Visual;56.4;0
8.79;83.95;74.97;5.78;23;Facil;No;Tarde;Desconocido;69.7;1
6.71;51.45;70.16;7.67;27;Facil;Si;Noche;Visual;64.5;1
7.35;74.57;37.97;4.0;22;Medio;No;Tarde;Kinestésico;63.1;1
3.24;77.04;86.23;6.6;28;Dificil;No;Desconocido;Auditivo;66.1;1
7.78;86.33;100.0;7.8;18;Medio;No;Mañana;Auditivo;74.7;1
2.91;55.15;63.48;6.48;19;Medio;No;Noche;Auditivo;67.5;1
10.66;51.85;73.22;8.08;25;Medio;Si;Tarde;Kinestésico;61.9;1
9.06;52.53;65.5;7.08;18;Dificil;No;Mañana;Visual;67.0;1
6.06;68.66;56.78;5.62;20;Dificil;No;Tarde;Visual;67.1;1
8.48;95.27;88.16;4.0;19;Dificil;No;Tarde;Auditivo;89.4;1
6.92;68.17;75.28;8.08;22;Facil;No;Mañana;Visual;62.7;1
10.91;65.79;32.61;7.37;21;Facil;Si;Noche;Desconocido;59.1;0
12.21;76.83;69.64;4.0;24;Medio;Si;Noche;Auditivo;75.3;1
8.8;42.43;85.82;7.26;22;Dificil;No;Mañana;Auditivo;71.5;1
4.13;72.02;76.58;7.95;25;Facil;Si;Desconocido;Auditivo;62.6;1
8.28;87.17;84.62;5.52;21;Facil;Si;Noche;Auditivo;63.6;1
15.68;83.89;83.5;9.08;29;Medio;Si;Tarde;Kinestésico;83.4;1
13.72;56.9;71.14;8.94;23;Facil;No;Tarde;Kinestésico;76.1;1
10.48;82.14;100.0;9.64;21;Medio;No;Tarde;Auditivo;62.4;1
8.21;59.7;78.56;10.0;19;Medio;No;Noche;Kinestésico;62.5;1
14.39;77.21;70.37;7.44;18;Medio;Si;Noche;Lectura/Escritura;91.6;1
10.74;65.12;96.77;8.37;18;Medio;No;Desconocido;Auditivo;70.9;1
13.79;73.17;76.03;9.11;25;Medio;Si;Mañana;Auditivo;64.2;1
17.3;85.6;100.0;5.07;21;Medio;Si;Tarde;Kinestésico;75.1;1
13.08;56.05;74.92;6.24;22;Medio;Si;Noche;Auditivo;60.9;1
10.36;83.21;78.05;9.18;28;Medio;Si;Mañana;Visual;63.4;1
6.57;55.87;62.7;7.12;25;Medio;No;Noche;Lectura/Escritura;69.4;1
18.99;82.83;100.0;8.6;29;Facil;Si;Desconocido;Visual;74.6;1
15.29;100.0;77.04;7.15;24;Facil;No;Mañana;Kinestésico;85.8;1
18.08;63.7;49.38;8.55;25;Facil;Si;Noche;Kinestésico;78.4;1
8.09;62.66;67.64;8.45;25;Facil;No;Tarde;Lectura/Escritura;56.5;0
10.23;60.27;74.02;7.68;23;Medio;Si;Noche;Visual;59.2;0
11.07;49.62;72.36;6.64;27;Dificil;No;Tarde;Auditivo;74.2;1
11.63;85.35;89.43;5.23;19;Medio;No;Tarde;Auditivo;81.5;1
12.56;67.83;76.48;6.13;23;Medio;Si;Noche;Visual;63.8;1
3.11;69.72;73.32;6.07;18;Medio;No;Noche;Visual;72.0;1
1.19;52.16;37.68;6.85;18;Medio;No;Mañana;Auditivo;69.3;1
16.89;79.27;62.27;8.2;28;Medio;No;Tarde;Auditivo;77.0;1
14.24;71.56;92.11;6.74;20;Facil;Si;Desconocido;Visual;73.9;1
5.43;59.32;84.28;7.91;20;Facil;No;Desconocido;Auditivo;62.7;1
12.0;93.31;97.05;8.53;28;Medio;No;Tarde;Kinestésico;79.9;1
20.17;81.98;70.01;6.53;22;Dificil;Si;Tarde;Kinestésico;77.5;1
9.77;82.56;80.98;6.32;18;Facil;No;Tarde;Lectura/Escritura;84.3;1
20.48;90.48;69.54;7.56;27;Facil;Si;Mañana;Auditivo;75.0;1
9.49;54.46;65.83;7.21;23;Medio;Si;Mañana;Lectura/Escritura;56.8;0
14.19;60.18;50.48;6.55;24;Facil;Si;Mañana;Lectura/Escritura;71.5;1
14.01;83.38;85.76;7.63;27;Dificil;Si;Tarde;Visual;73.0;1
11.27;50.26;38.51;5.39;29;Medio;No;Noche;Visual;56.5;0
8.04;59.17;100.0;4.71;28;Dificil;Si;Mañana;Auditivo;55.9;0
8.35;64.76;63.36;6.35;20;Medio;No;Noche;Auditivo;62.7;1
11.8;96.79;81.25;5.05;21;Medio;Si;Noche;Auditivo;76.8;1
15.87;100.0;100.0;8.03;27;Medio;Si;Noche;Auditivo;89.2;1
10.19;34.52;47.31;7.23;28;Medio;No;Noche;Kinestésico;57.1;0
6.18;78.91;90.03;5.3;27;Medio;No;Noche;Auditivo;71.1;1
7.69;70.96;63.66;4.06;29;Facil;No;Mañana;Visual;70.4;1
15.07;62.75;94.79;7.44;27;Medio;Si;Tarde;Desconocido;65.1;1
5.07;54.91;68.59;6.18;27;Medio;No;Noche;Visual;75.8;1
13.58;69.08;59.84;7.03;27;Dificil;No;Tarde;Lectura/Escritura;60.5;1
4.91;52.23;43.4;4.26;20;Medio;No;Noche;Visual;54.7;0
12.52;86.61;62.21;7.05;18;Medio;No;Mañana;Lectura/Escritura;64.3;1
4.69;69.42;81.67;7.55;25;Facil;No;Noche;Visual;72.6;1
4.73;65.86;70.47;6.53;27;Medio;No;Tarde;Visual;65.7;1
6.99;85.41;68.28;8.21;27;Medio;No;Desconocido;Visual;72.2;1
12.17;74.69;74.72;7.44;19;Dificil;No;Tarde;Kinestésico;63.0;1
5.5;68.06;42.68;7.93;18;Dificil;Si;Noche;Lectura/Escritura;63.1;1
12.63;77.3;57.6;8.65;25;Facil;No;Noche;Auditivo;68.2;1
6.34;71.49;59.09;7.63;24;Dificil;No;Tarde;Lectura/Escritura;68.5;1
16.73;83.44;53.23;6.97;24;Facil;Si;Noche;Auditivo;70.8;1
8.76;81.22;65.72;4.0;21;Medio;No;Tarde;Auditivo;80.3;1
18.81;79.59;84.22;7.26;28;Medio;Si;Mañana;Kinestésico;72.6;1
9.48;78.77;100.0;7.33;26;Facil;No;Mañana;Visual;63.8;1
3.57;53.67;69.75;5.97;23;Medio;No;Desconocido;Visual;80.7;1
9.21;87.84;67.96;5.96;19;Facil;Si;Tarde;Lectura/Escritura;71.3;1
5.35;41.57;55.61;4.64;18;Facil;No;Tarde;Lectura/Escritura;53.2;0
12.18;92.36;100.0;8.48;18;Medio;No;Noche;Lectura/Escritura;82.2;1
13.21;54.27;100.0;4.01;26;Medio;Si;Desconocido;Lectura/Escritura;71.5;1
3.27;77.94;95.21;8.11;21;Dificil;No;Mañana;Visual;61.0;1
13.2;85.8;71.24;8.5;22;Medio;Si;Mañana;Kinestésico;71.4;1
17.41;76.88;62.52;6.28;20;Medio;Si;Desconocido;Auditivo;93.6;1
14.08;63.87;83.61;6.91;21;Medio;No;Tarde;Lectura/Escritura;72.8;1
16.08;70.36;64.18;6.69;29;Facil;No;Mañana;Auditivo;61.5;1
14.95;69.38;69.28;8.55;25;Facil;Si;Desconocido;Auditivo;83.3;1
15.14;82.4;45.04;7.11;21;Medio;Si;Noche;Auditivo;80.3;1
13.98;75.89;77.24;6.71;26;Medio;Si;Desconocido;Visual;72.3;1
13.74;83.1;93.91;10.0;26;Medio;No;Mañana;Visual;81.8;1
9.01;80.63;100.0;7.42;23;Medio;Si;Tarde;Lectura/Escritura;78.8;1
7.74;65.43;92.99;9.74;19;Medio;No;Tarde;Kinestésico;67.2;1
1.0;30.0;64.24;7.97;29;Facil;No;Noche;Visual;30.0;0
8.62;63.66;66.33;7.75;27;Facil;Si;Tarde;Kinestésico;87.4;1
10.41;66.95;50.05;7.54;28;Dificil;No;Mañana;Auditivo;60.1;1
15.9;70.24;71.39;7.85;24;Medio;Si;Noche;Auditivo;85.5;1
4.05;50.44;67.2;6.33;26;Dificil;No;Desconocido;Visual;65.3;1
13.66;79.68;76.78;7.77;23;Facil;No;Tarde;Lectura/Escritura;69.7;1
13.06;53.11;83.23;7.28;20;Dificil;Si;Tarde;Kinestésico;75.4;1
11.25;50.87;57.16;7.48;24;Facil;No;Desconocido;Auditivo;60.9;1
1.0;67.87;50.8;6.24;22;Facil;No;Tarde;Auditivo;49.5;0
4.93;61.31;74.82;7.04;18;Dificil;No;Mañana;Visual;59.9;0
16.43;79.87;35.1;7.57;20;Facil;Si;Tarde;Auditivo;85.0;1
5.94;39.79;72.21;5.42;22;Medio;No;Mañana;Visual;62.2;1
4.44;35.11;53.85;5.24;24;Facil;No;Noche;Visual;60.8;1
13.91;90.97;73.06;8.32;20;Medio;No;Mañana;Kinestésico;82.2;1
9.54;91.69;59.57;6.66;23;Dificil;No;Mañana;Lectura/Escritura;71.3;1
25.0;73.32;82.74;8.1;22;Medio;Si;Noche;Auditivo;77.7;1
13.29;64.8;58.89;5.49;18;Medio;Si;Noche;Visual;76.5;1
6.13;63.25;79.22;4.99;27;Facil;No;Noche;Desconocido;74.6;1
15.44;97.57;84.79;6.88;23;Medio;Si;Tarde;Lectura/Escritura;56.9;0
2.31;53.25;55.85;5.69;25;Medio;No;Mañana;Desconocido;66.0;1
12.49;65.04;54.79;6.9;18;Facil;No;Noche;Lectura/Escritura;74.7;1
21.63;73.28;100.0;7.92;19;Medio;Si;Noche;Auditivo;83.9;1
19.26;73.47;66.5;7.16;21;Facil;Si;Mañana;Kinestésico;88.6;1
10.33;84.36;45.93;5.65;29;Dificil;Si;Noche;Visual;67.4;1
10.21;60.22;20.0;9.57;19;Medio;No;Mañana;Visual;65.7;1
4.39;38.88;59.3;7.29;28;Facil;No;Noche;Visual;55.6;0
10.06;80.11;83.07;6.62;26;Medio;Si;Noche;Auditivo;77.0;1
16.61;100.0;100.0;8.75;27;Medio;No;Desconocido;Lectura/Escritura;99.2;1
5.6;73.82;68.49;7.24;25;Medio;No;Noche;Lectura/Escritura;61.3;1
10.6;62.49;59.71;6.59;25;Dificil;No;Desconocido;Visual;59.8;0
22.04;93.19;91.18;6.15;21;Medio;Si;Mañana;Visual;79.1;1
16.99;96.43;85.53;6.41;22;Dificil;No;Tarde;Visual;76.6;1
9.6;90.29;82.8;8.0;21;Medio;No;Mañana;Visual;69.2;1
5.01;68.59;66.22;7.36;26;Facil;No;Tarde;Auditivo;74.7;1
11.84;67.98;67.74;5.43;19;Medio;Si;Noche;Lectura/Escritura;75.7;1
17.34;69.76;93.14;5.03;28;Medio;Si;Tarde;Lectura/Escritura;86.0;1
2.51;47.53;61.9;5.21;25;Medio;No;Tarde;Kinestésico;47.8;0
6.79;65.94;21.97;6.91;19;Dificil;No;Tarde;Kinestésico;69.0;1
3.36;86.06;82.58;6.19;18;Medio;No;Noche;Auditivo;74.9;1
16.83;85.73;91.39;6.5;27;Dificil;Si;Mañana;Visual;89.9;1
5.58;59.89;66.99;4.97;20;Medio;No;Tarde;Auditivo;65.4;1
11.08;68.74;100.0;5.62;26;Medio;Si;Mañana;Auditivo;78.9;1
3.87;56.51;83.12;8.57;29;Medio;No;Noche;Kinestésico;78.4;1
13.35;96.08;78.1;7.85;20;Medio;Si;Mañana;Visual;92.0;1
14.79;59.8;66.0;7.29;26;Dificil;Si;Noche;Visual;60.2;1
9.52;78.82;87.79;7.21;24;Medio;No;Tarde;Visual;81.8;1
2.62;59.03;93.07;9.06;27;Facil;No;Mañana;Lectura/Escritura;66.6;1
15.72;54.65;54.71;7.49;18;Medio;No;Noche;Auditivo;71.3;1
11.31;60.55;53.41;5.8;27;Medio;No;Mañana;Kinestésico;58.4;0
4.99;64.44;67.26;9.78;22;Facil;No;Desconocido;Kinestésico;63.1;1
7.21;62.96;58.61;8.01;26;Facil;No;Desconocido;Visual;62.7;1
9.07;60.13;20.0;8.06;29;Medio;Si;Tarde;Auditivo;64.5;1
17.99;75.24;100.0;7.85;20;Medio;Si;Tarde;Lectura/Escritura;73.8;1
10.31;82.19;67.8;6.6;26;Medio;No;Tarde;Auditivo;73.4;1
14.87;90.01;97.33;8.1;22;Facil;Si;Mañana;Lectura/Escritura;81.4;1
15.63;71.38;63.77;7.38;26;Facil;Si;Tarde;Visual;81.2;1
14.93;68.36;83.39;9.48;27;Medio;Si;Noche;Visual;64.6;1
6.62;60.73;42.31;6.21;23;Medio;No;Noche;Desconocido;56.0;0
7.3;48.41;83.67;7.85;26;Facil;No;Tarde;Kinestésico;63.6;1
4.15;80.49;100.0;5.55;24;Medio;No;Tarde;Lectura/Escritura;70.0;1
20.98;96.25;61.02;7.13;24;Medio;Si;Desconocido;Kinestésico;91.1;1
9.59;54.01;79.38;6.22;25;Facil;No;Tarde;Lectura/Escritura;74.3;1
12.95;69.79;100.0;8.02;24;Facil;Si;Mañana;Kinestésico;80.4;1
5.37;41.79;100.0;7.64;29;Facil;No;Mañana;Desconocido;73.4;1
2.77;55.09;50.59;8.86;26;Dificil;No;Mañana;Auditivo;54.7;0
13.77;78.03;100.0;5.91;28;Medio;Si;Tarde;Visual;74.3;1
12.26;73.63;100.0;8.15;26;Medio;Si;Tarde;Lectura/Escritura;83.7;1
12.98;50.35;74.12;10.0;23;Medio;Si;Noche;Auditivo;79.5;1
14.22;68.55;52.77;5.89;24;Medio;Si;Desconocido;Auditivo;68.7;1
16.64;61.93;44.73;4.0;19;Medio;Si;Noche;Auditivo;83.5;1
5.63;54.78;53.13;6.59;26;Medio;No;Noche;Auditivo;67.8;1
9.15;53.94;82.31;6.14;29;Facil;No;Tarde;Auditivo;68.4;1
14.48;58.02;70.52;6.95;18;Medio;Si;Tarde;Visual;69.4;1
15.4;62.53;67.85;7.19;18;Medio;Si;Tarde;Lectura/Escritura;66.2;1
4.08;45.19;53.04;7.55;20;Medio;No;Mañana;Auditivo;58.4;0
8.23;63.5;96.59;8.0;29;Medio;No;Tarde;Auditivo;84.0;1
6.55;55.64;59.64;4.86;23;Facil;No;Noche;Visual;66.2;1
15.49;67.03;52.67;7.84;22;Medio;Si;Mañana;Visual;79.9;1
2.73;57.81;53.59;6.95;19;Medio;No;Mañana;Visual;60.7;1
1.0;46.17;87.12;9.63;26;Dificil;No;Desconocido;Kinestésico;64.4;1
17.2;97.78;62.39;5.36;27;Medio;Si;Noche;Visual;83.0;1
7.86;77.6;73.57;7.02;21;Medio;Si;Tarde;Lectura/Escritura;71.9;1
8.67;41.34;74.87;5.75;21;Medio;No;Noche;Desconocido;63.0;1
8.69;95.42;100.0;6.17;22;Dificil;No;Tarde;Visual;79.1;1
16.02;58.22;61.08;7.08;25;Medio;Si;Mañana;Visual;69.8;1
13.67;65.39;53.32;8.72;27;Medio;Si;Desconocido;Visual;62.1;1
8.78;76.54;56.32;6.96;21;Medio;No;Tarde;Kinestésico;68.0;1
5.87;55.28;99.63;8.38;22;Medio;No;Noche;Lectura/Escritura;48.2;0
18.53;82.45;95.29;9.42;29;Dificil;Si;Mañana;Auditivo;79.7;1
9.23;46.93;55.69;7.31;21;Facil;No;Tarde;Visual;73.5;1
1.53;45.04;86.46;6.32;23;Facil;No;Tarde;Visual;67.1;1
10.03;74.29;87.67;6.54;29;Dificil;No;Tarde;Auditivo;71.1;1
13.48;64.36;43.22;7.5;20;Medio;No;Mañana;Desconocido;75.8;1
12.78;92.47;56.63;6.61;25;Medio;Si;Tarde;Visual;89.1;1
2.66;43.02;59.5;6.93;23;Medio;No;Noche;Kinestésico;68.7;1
6.82;49.33;100.0;8.3;27;Facil;No;Tarde;Auditivo;74.1;1
14.75;74.84;72.16;7.98;22;Medio;Si;Tarde;Visual;80.6;1
5.9;36.15;56.93;4.47;19;Medio;No;Desconocido;Auditivo;64.4;1
13.12;67.75;88.35;8.34;27;Medio;Si;Tarde;Visual;65.0;1
19.12;91.91;95.04;8.75;27;Medio;Si;Tarde;Kinestésico;76.9;1
15.97;64.72;100.0;6.27;24;Dificil;Si;Noche;Visual;88.7;1
8.74;67.14;70.62;5.98;19;Facil;No;Noche;Kinestésico;75.5;1
22.88;100.0;100.0;6.74;18;Dificil;Si;Tarde;Visual;85.7;1
6.26;85.54;100.0;6.84;24;Facil;No;Tarde;Lectura/Escritura;65.3;1
7.68;84.6;70.83;5.86;22;Medio;No;Desconocido;Desconocido;72.6;1
8.94;69.98;88.29;7.14;18;Dificil;No;Tarde;Lectura/Escritura;72.0;1
6.36;56.68;87.61;5.88;21;Medio;No;Tarde;Kinestésico;65.6;1
12.36;71.94;76.28;4.79;29;Medio;No;Mañana;Lectura/Escritura;60.0;1
7.67;73.01;37.09;6.22;21;Medio;No;Noche;Auditivo;57.8;0
12.76;53.04;84.73;7.67;27;Medio;Si;Tarde;Kinestésico;55.8;0
14.2;85.22;71.95;7.76;24;Facil;Si;Noche;Desconocido;88.7;1
4.78;74.06;75.63;9.04;26;Dificil;Si;Noche;Visual;74.1;1
1.47;44.89;41.92;4.89;19;Medio;No;Mañana;Auditivo;61.4;1
6.77;42.83;57.68;4.0;29;Medio;No;Noche;Visual;61.3;1
13.32;88.79;90.5;7.97;18;Medio;Si;Noche;Lectura/Escritura;72.8;1
7.12;79.92;71.03;7.07;19;Facil;No;Tarde;Visual;64.3;1
23.74;76.05;58.4;6.55;24;Facil;Si;Mañana;Auditivo;72.5;1
7.89;69.12;77.69;10.0;27;Medio;No;Mañana;Auditivo;68.5;1
7.51;84.13;80.67;4.91;23;Medio;No;Tarde;Auditivo;79.4;1
10.29;80.01;85.24;7.21;21;Medio;No;Tarde;Kinestésico;66.7;1
2.14;49.52;50.9;5.28;18;Dificil;No;Desconocido;Visual;70.6;1
4.0;54.07;63.6;7.38;18;Facil;No;Mañana;Auditivo;72.0;1
15.18;80.34;89.63;7.01;22;Medio;Si;Noche;Visual;87.4;1
1.0;74.33;84.5;7.26;18;Facil;No;Tarde;Lectura/Escritura;62.6;1
4.95;47.06;81.19;7.8;29;Medio;No;Desconocido;Kinestésico;81.9;1
9.47;43.39;66.61;6.77;24;Facil;Si;Desconocido;Lectura/Escritura;67.9;1
5.46;100.0;100.0;7.06;28;Dificil;No;Tarde;Visual;76.9;1
7.61;71.26;49.72;4.0;18;Facil;No;Mañana;Visual;61.4;1
5.33;51.53;41.72;5.74;18;Dificil;No;Tarde;Visual;65.0;1
8.88;82.09;77.64;4.56;19;Medio;Si;Mañana;Visual;72.7;1
4.67;79.23;88.22;5.56;28;Dificil;No;Desconocido;Visual;64.7;1
11.3;46.56;99.95;9.29;29;Medio;No;Noche;Kinestésico;73.6;1
7.9;70.09;72.71;6.08;27;Dificil;No;Desconocido;Visual;76.6;1
16.0;54.4;46.5;8.66;20;Facil;Si;Noche;Auditivo;74.9;1
10.14;70.17;92.69;6.29;28;Medio;No;Noche;Lectura/Escritura;67.4;1
9.45;71.15;78.66;5.27;18;Dificil;Si;Mañana;Kinestésico;63.4;1
5.99;71.41;58.96;8.3;26;Facil;No;Noche;Visual;69.4;1
1.0;61.09;73.12;4.0;27;Facil;No;Noche;Visual;63.9;1
17.53;70.81;80.57;8.78;25;Medio;Si;Mañana;Auditivo;93.8;1
1.97;77.17;93.52;5.19;22;Dificil;No;Mañana;Desconocido;52.8;0
3.04;52.0;82.15;7.57;28;Medio;No;Mañana;Auditivo;60.9;1
10.45;81.72;100.0;7.61;19;Medio;No;Mañana;Visual;71.1;1
7.45;91.48;97.61;8.06;22;Facil;No;Noche;Lectura/Escritura;86.7;1
12.32;67.29;72.91;6.74;23;Facil;Si;Tarde;Kinestésico;71.3;1
10.65;49.71;70.78;6.41;18;Dificil;No;Noche;Auditivo;57.5;0
22.28;88.23;59.02;6.6;28;Facil;Si;Noche;Visual;83.0;1
7.87;94.52;92.32;8.35;21;Medio;Si;Noche;Visual;75.4;1
9.58;55.22;69.49;7.65;26;Dificil;No;Noche;Kinestésico;56.9;0
8.6;69.19;78.3;7.21;19;Facil;No;Mañana;Auditivo;63.4;1
12.03;73.86;63.42;7.66;22;Medio;Si;Tarde;Desconocido;88.2;1
14.46;75.12;92.47;6.88;18;Facil;Si;Noche;Visual;83.2;1
6.89;75.0;72.26;5.97;21;Medio;No;Mañana;Visual;69.4;1
16.55;67.22;40.67;7.37;21;Facil;Si;Mañana;Kinestésico;65.7;1
12.91;72.9;89.7;7.96;23;Medio;Si;Noche;Visual;74.6;1
14.52;87.77;96.41;6.18;27;Medio;Si;Noche;Auditivo;81.7;1
10.12;50.08;47.18;5.75;26;Medio;No;Tarde;Auditivo;67.5;1
11.96;57.49;76.23;6.79;20;Medio;Si;Noche;Auditivo;72.7;1
16.79;71.68;97.8;8.11;26;Facil;Si;Noche;Lectura/Escritura;85.6;1
16.52;70.55;86.88;4.0;23;Medio;Si;Tarde;Lectura/Escritura;79.1;1
9.67;57.01;91.46;6.82;24;Medio;No;Mañana;Auditivo;60.4;1
11.47;63.79;89.24;7.76;29;Medio;No;Noche;Visual;69.5;1
7.02;66.91;40.89;4.88;27;Facil;No;Tarde;Auditivo;52.0;0
6.8;63.0;97.42;7.15;19;Medio;No;Mañana;Auditivo;83.7;1
12.25;100.0;90.56;9.31;28;Facil;Si;Tarde;Auditivo;84.7;1
8.46;79.13;100.0;4.0;27;Medio;No;Noche;Kinestésico;68.0;1
6.21;76.01;20.05;4.81;23;Facil;Si;Mañana;Visual;65.0;1
1.0;71.98;76.38;5.87;23;Medio;No;Tarde;Auditivo;66.4;1
11.46;57.97;35.46;8.47;19;Facil;No;Mañana;Visual;76.0;1
7.38;71.87;71.34;7.71;19;Dificil;No;Noche;Kinestésico;62.2;1
11.18;75.68;85.93;7.52;19;Dificil;No;Mañana;Visual;76.8;1
8.44;52.31;90.36;10.0;27;Facil;No;Desconocido;Kinestésico;74.0;1
8.29;81.27;97.99;6.35;29;Medio;No;Noche;Visual;81.8;1
14.37;91.8;100.0;6.85;18;Facil;Si;Mañana;Auditivo;82.7;1
12.07;58.43;61.15;7.05;22;Medio;No;Noche;Kinestésico;56.6;0
7.0;62.45;100.0;7.94;25;Medio;Si;Noche;Visual;70.5;1
2.55;61.67;48.2;7.51;19;Medio;No;Noche;Kinestésico;59.8;0
5.21;81.93;46.91;9.82;22;Medio;No;Mañana;Auditivo;67.8;1
11.16;82.99;56.01;7.78;29;Facil;Si;Noche;Auditivo;82.6;1
16.49;77.0;67.15;7.33;25;Medio;Si;Noche;Visual;61.5;1
6.5;65.63;72.31;6.38;27;Facil;No;Noche;Auditivo;62.5;1
7.25;81.78;76.63;7.25;22;Medio;No;Mañana;Auditivo;70.5;1
14.65;79.78;73.97;10.0;19;Medio;Si;Noche;Auditivo;78.8;1
14.05;58.28;41.31;7.57;20;Medio;Si;Tarde;Kinestésico;73.1;1
13.53;78.42;68.96;6.99;23;Facil;Si;Mañana;Auditivo;79.8;1
13.81;92.02;90.43;8.25;28;Medio;Si;Tarde;Visual;87.6;1
11.03;71.91;77.29;6.66;28;Medio;Si;Noche;Visual;71.4;1
6.6;44.58;78.4;8.03;22;Facil;No;Tarde;Visual;65.4;1
4.3;84.48;87.73;6.59;28;Medio;Si;Tarde;Visual;79.3;1
9.42;84.91;76.83;6.3;21;Dificil;No;Desconocido;Kinestésico;67.9;1
10.67;93.97;95.54;7.89;21;Dificil;Si;Tarde;Kinestésico;77.3;1
5.52;60.64;53.76;5.41;22;Medio;No;Noche;Visual;68.6;1
7.54;87.39;95.12;6.1;19;Medio;No;Tarde;Lectura/Escritura;82.4;1
6.83;77.42;86.7;6.83;26;Facil;Si;Tarde;Auditivo;71.7;1
10.17;75.85;80.1;8.29;19;Dificil;No;Noche;Lectura/Escritura;75.9;1
12.22;80.53;100.0;6.26;27;Facil;No;Noche;Kinestésico;74.3;1
13.5;98.66;64.07;7.52;19;Dificil;Si;Tarde;Kinestésico;79.4;1
2.7;72.32;56.17;5.3;27;Medio;No;Noche;Visual;65.7;1
10.69;74.53;36.79;7.11;26;Medio;No;Mañana;Visual;72.9;1
8.36;61.49;73.62;9.91;20;Dificil;No;Mañana;Visual;55.7;0
5.19;80.2;44.89;6.17;27;Facil;No;Desconocido;Kinestésico;77.9;1
7.43;57.17;73.01;7.31;24;Medio;No;Mañana;Visual;51.9;0
10.43;89.74;100.0;6.77;21;Medio;Si;Tarde;Kinestésico;67.8;1
14.4;67.56;54.2;5.73;23;Facil;Si;Tarde;Visual;75.8;1
9.5;92.82;100.0;6.82;21;Medio;No;Mañana;Kinestésico;85.1;1
10.89;62.4;89.11;6.92;27;Medio;Si;Desconocido;Visual;83.9;1
1.0;64.19;41.52;6.14;24;Medio;No;Tarde;Visual;46.5;0
9.34;86.82;77.79;5.71;18;Facil;No;Tarde;Visual;70.1;1
8.41;57.71;80.41;4.3;20;Dificil;No;Noche;Auditivo;51.3;0
9.71;68.51;43.91;5.56;20;Facil;No;Noche;Visual;71.4;1
5.61;89.56;47.69;5.45;18;Facil;No;Tarde;Kinestésico;71.8;1
3.14;61.14;67.1;5.84;23;Facil;No;Noche;Visual;79.1;1
3.21;58.07;100.0;7.66;28;Facil;No;Noche;Visual;69.7;1
14.71;66.45;82.42;6.55;26;Facil;Si;Mañana;Kinestésico;83.9;1
14.33;72.13;80.46;4.58;25;Dificil;Si;Mañana;Visual;81.0;1
18.03;47.41;51.0;6.84;28;Medio;No;Noche;Lectura/Escritura;64.9;1
10.93;73.36;88.92;8.62;24;Facil;Si;Tarde;Lectura/Escritura;64.3;1
6.07;62.23;96.68;5.81;27;Facil;No;Desconocido;Visual;74.6;1
1.0;70.21;100.0;6.34;25;Medio;No;Noche;Visual;52.7;0
21.13;74.21;94.55;7.03;23;Dificil;Si;Noche;Visual;94.6;1
17.23;76.42;63.24;8.89;26;Facil;Si;Noche;Kinestésico;84.6;1
12.42;51.21;82.26;9.97;20;Facil;Si;Tarde;Auditivo;80.0;1
11.69;72.82;85.13;7.29;27;Facil;No;Mañana;Auditivo;76.2;1
7.1;65.75;63.83;10.0;27;Facil;No;Noche;Kinestésico;67.9;1
10.86;65.51;63.12;5.63;26;Facil;Si;Tarde;Visual;73.5;1
9.38;81.67;91.04;7.6;21;Medio;No;Noche;Kinestésico;74.4;1
3.95;31.37;25.86;8.82;24;Facil;No;Noche;Kinestésico;55.4;0
14.97;58.73;83.89;8.28;26;Medio;Si;Noche;Auditivo;75.7;1
1.13;83.66;37.39;9.13;19;Facil;No;Tarde;Lectura/Escritura;59.6;0
5.8;58.68;58.25;6.02;19;Dificil;No;Tarde;Kinestésico;56.4;0
14.61;66.6;47.44;6.26;26;Dificil;Si;Tarde;Visual;77.1;1
7.65;79.32;100.0;5.4;29;Medio;No;Tarde;Auditivo;77.2;1
10.7;75.48;89.76;6.77;20;Medio;No;Noche;Auditivo;77.9;1
10.81;60.41;79.17;4.73;26;Medio;Si;Noche;Visual;83.5;1
7.8;55.58;52.01;6.52;22;Medio;No;Noche;Lectura/Escritura;66.0;1
11.94;91.59;81.35;6.76;23;Medio;No;Mañana;Visual;82.8;1
8.89;62.62;45.79;8.28;19;Medio;Si;Tarde;Kinestésico;69.9;1
11.73;70.47;40.45;8.03;25;Dificil;No;Noche;Auditivo;62.2;1
2.94;84.07;90.23;7.22;28;Dificil;No;Desconocido;Visual;76.4;1
12.66;62.15;80.25;5.87;26;Medio;Si;Tarde;Lectura/Escritura;81.6;1
18.17;84.42;82.63;5.47;19;Medio;Si;Noche;Lectura/Escritura;77.1;1
15.05;83.55;73.87;6.58;23;Facil;Si;Noche;Auditivo;84.2;1
13.99;78.86;100.0;8.23;23;Facil;Si;Tarde;Visual;78.0;1
6.42;70.51;93.99;6.5;25;Medio;No;Noche;Visual;75.3;1
2.43;75.36;84.84;7.16;27;Facil;No;Mañana;Visual;44.9;0
11.99;75.52;46.77;8.01;29;Dificil;Si;Noche;Visual;66.9;1
11.51;76.26;99.0;7.59;22;Facil;Si;Mañana;Auditivo;83.0;1
12.09;93.7;100.0;8.05;26;Medio;Si;Mañana;Lectura/Escritura;73.4;1
11.15;61.23;100.0;6.63;18;Medio;No;Noche;Auditivo;74.8;1
12.46;66.29;88.79;7.04;26;Medio;No;Mañana;Lectura/Escritura;64.7;1
5.88;59.75;68.54;4.39;27;Medio;Si;Desconocido;Kinestésico;84.0;1
20.07;100.0;99.52;7.35;24;Dificil;Si;Desconocido;Auditivo;95.2;1
11.56;81.37;71.09;6.45;21;Medio;Si;Noche;Lectura/Escritura;69.9;1
11.24;79.36;64.82;6.42;20;Medio;Si;Noche;Auditivo;70.3;1
6.85;87.1;60.17;6.37;27;Facil;No;Tarde;Lectura/Escritura;79.1;1
7.62;49.13;65.89;6.96;28;Medio;Si;Noche;Visual;81.9;1
14.5;97.17;79.68;7.89;23;Dificil;Si;Mañana;Visual;86.9;1
10.09;46.3;81.3;6.6;29;Medio;Si;Tarde;Lectura/Escritura;84.9;1
8.25;70.73;56.55;7.82;18;Dificil;Si;Desconocido;Auditivo;62.4;1
10.98;72.25;52.1;4.0;20;Medio;Si;Tarde;Lectura/Escritura;64.8;1
1.0;85.67;76.99;6.16;19;Facil;No;Tarde;Lectura/Escritura;64.4;1
11.5;100.0;39.03;6.1;28;Facil;No;Tarde;Visual;76.2;1
8.5;75.28;55.45;8.81;26;Medio;Si;Noche;Auditivo;70.9;1
14.29;82.35;29.2;7.32;20;Medio;Si;Noche;Visual;76.4;1
5.92;91.27;83.72;7.54;19;Medio;No;Mañana;Auditivo;77.7;1
7.48;59.42;55.37;6.65;21;Facil;No;Tarde;Kinestésico;80.4;1
19.33;84.3;100.0;6.56;19;Medio;Si;Noche;Visual;78.0;1
9.1;64.11;71.44;4.13;18;Medio;No;Tarde;Auditivo;64.5;1
15.92;81.52;78.15;5.89;23;Medio;Si;Mañana;Kinestésico;90.3;1
18.64;71.0;84.06;5.53;27;Facil;Si;Tarde;Visual;78.1;1
19.88;84.85;85.88;6.46;25;Facil;Si;Tarde;Kinestésico;79.2;1
12.92;84.54;100.0;7.19;27;Facil;No;Mañana;Auditivo;87.2;1
4.2;69.53;60.7;6.23;27;Facil;No;Noche;Lectura/Escritura;55.4;0
1.0;57.39;87.36;7.34;19;Facil;No;Tarde;Visual;64.1;1
3.9;61.76;75.38;6.71;26;Facil;No;Noche;Visual;67.8;1
11.76;76.3;32.12;6.94;20;Medio;Si;Noche;Auditivo;63.5;1
7.03;76.71;49.83;8.23;25;Medio;No;Noche;Visual;79.8;1
12.29;71.34;61.46;8.13;29;Dificil;No;Mañana;Lectura/Escritura;65.6;1
1.0;33.15;77.9;7.35;25;Facil;No;Desconocido;Visual;69.8;1
12.33;53.18;83.95;7.41;20;Medio;No;Mañana;Kinestésico;68.5;1
12.31;67.06;47.82;7.81;20;Medio;No;Noche;Auditivo;71.0;1
11.77;94.81;90.98;9.02;29;Facil;No;Mañana;Visual;87.5;1
11.26;63.37;68.44;9.37;23;Dificil;Si;Tarde;Visual;70.2;1
13.14;88.88;100.0;8.27;18;Facil;Si;Tarde;Auditivo;68.3;1
7.55;63.41;88.54;9.32;21;Dificil;No;Tarde;Auditivo;72.1;1
2.8;54.97;85.47;7.84;18;Dificil;No;Mañana;Visual;63.9;1
4.56;79.96;89.89;6.7;20;Medio;Si;Tarde;Lectura/Escritura;76.5;1
6.11;39.5;86.82;7.1;26;Medio;No;Mañana;Visual;63.8;1
6.33;60.59;84.11;8.13;22;Medio;No;Mañana;Auditivo;62.9;1
6.14;95.91;85.36;9.47;29;Medio;No;Tarde;Auditivo;88.6;1
3.48;49.23;99.84;5.85;22;Medio;No;Noche;Visual;56.3;0
10.11;76.75;45.34;7.46;28;Facil;No;Tarde;Desconocido;77.7;1
15.82;100.0;86.17;7.68;21;Facil;Si;Tarde;Visual;79.6;1
10.37;57.55;63.95;6.43;20;Medio;No;Tarde;Desconocido;63.7;1
8.57;52.38;82.36;7.92;22;Medio;No;Tarde;Visual;67.7;1
1.0;51.69;52.48;6.93;28;Dificil;No;Noche;Auditivo;50.4;0
20.37;89.13;78.86;8.76;21;Facil;Si;Mañana;Auditivo;86.2;1
1.07;56.56;100.0;9.53;25;Dificil;No;Noche;Kinestésico;75.2;1
9.92;64.88;61.21;6.78;21;Facil;Si;Desconocido;Desconocido;75.9;1
14.59;72.71;59.23;8.54;28;Medio;Si;Noche;Visual;74.2;1
8.63;72.17;70.32;5.63;29;Medio;No;Mañana;Desconocido;60.0;1
19.63;75.4;81.72;7.84;25;Medio;Si;Tarde;Visual;82.9;1
11.02;61.8;54.28;5.64;23;Facil;No;Noche;Lectura/Escritura;84.7;1
9.72;55.82;62.64;7.38;29;Medio;Si;Mañana;Visual;62.7;1
10.58;100.0;55.04;7.57;28;Dificil;Si;Noche;Kinestésico;71.1;1
6.69;61.4;31.61;7.19;22;Medio;No;Noche;Visual;66.3;1
1.63;42.01;86.4;7.58;21;Medio;No;Noche;Auditivo;60.1;1
15.12;81.07;72.0;7.08;21;Dificil;Si;Desconocido;Visual;59.3;0
12.79;92.59;100.0;10.0;29;Medio;Si;Noche;Visual;85.7;1
8.98;67.9;58.47;5.26;21;Medio;No;Noche;Desconocido;60.7;1
12.11;76.17;99.2;6.98;28;Facil;Si;Desconocido;Visual;73.0;1
15.27;76.13;90.7;8.48;26;Dificil;No;Mañana;Visual;77.7;1
12.35;75.64;100.0;7.43;21;Medio;Si;Mañana;Auditivo;65.6;1
8.87;80.97;48.07;8.07;29;Facil;Si;Tarde;Auditivo;66.8;1
6.29;46.81;74.22;4.0;26;Facil;No;Mañana;Kinestésico;76.7;1
14.91;84.24;92.62;6.06;27;Dificil;No;Tarde;Kinestésico;67.0;1
9.81;65.08;91.6;4.68;23;Facil;No;Noche;Auditivo;58.8;0
5.78;79.55;77.39;7.18;27;Dificil;No;Tarde;Auditivo;66.5;1
17.27;78.46;75.48;7.2;24;Facil;Si;Noche;Auditivo;88.6;1
19.06;79.64;85.41;7.06;29;Medio;Si;Mañana;Auditivo;71.6;1
9.4;70.32;62.15;8.4;27;Medio;No;Mañana;Kinestésico;69.9;1
1.0;69.83;65.1;7.22;20;Medio;Si;Mañana;Visual;67.3;1
15.38;74.17;64.41;9.7;25;Dificil;Si;Tarde;Visual;61.8;1
9.44;60.5;75.53;6.98;20;Medio;Si;Noche;Desconocido;75.6;1
14.42;93.83;70.57;6.09;18;Medio;No;Mañana;Visual;85.2;1
11.65;75.44;91.68;7.78;27;Facil;No;Noche;Lectura/Escritura;76.7;1
17.57;59.66;95.89;5.52;29;Facil;Si;Tarde;Lectura/Escritura;84.0;1
2.01;54.59;77.34;8.36;22;Facil;No;Noche;Visual;72.8;1
8.97;79.5;75.08;5.51;19;Medio;No;Mañana;Visual;70.1;1
14.03;81.12;75.88;6.94;27;Facil;No;Mañana;Desconocido;71.8;1
18.47;89.65;50.16;5.25;23;Facil;Si;Mañana;Auditivo;72.5;1
8.11;59.13;68.65;6.85;27;Medio;No;Tarde;Visual;67.6;1
1.83;64.92;66.44;7.69;26;Medio;No;Tarde;Kinestésico;66.6;1
9.97;79.18;85.18;6.97;18;Medio;No;Noche;Auditivo;69.5;1
18.87;83.16;68.17;5.31;21;Facil;Si;Noche;Visual;63.5;1
17.65;62.91;64.47;7.65;18;Facil;Si;Noche;Visual;85.8;1
8.31;81.42;91.53;7.36;18;Dificil;No;Tarde;Kinestésico;75.8;1
7.28;79.41;100.0;8.19;25;Facil;No;Mañana;Visual;68.4;1
9.3;58.63;77.95;8.33;28;Dificil;No;Tarde;Kinestésico;74.6;1
1.73;61.0;70.11;4.94;19;Dificil;No;Noche;Auditivo;74.8;1
7.79;99.14;79.99;6.68;18;Medio;No;Noche;Auditivo;54.7;0
9.93;67.33;98.19;6.81;28;Facil;Si;Noche;Lectura/Escritura;73.1;1
8.85;60.36;100.0;5.34;25;Dificil;No;Desconocido;Lectura/Escritura;63.3;1
9.33;64.64;88.66;7.37;21;Medio;No;Mañana;Visual;77.6;1
4.82;73.05;100.0;9.41;20;Medio;No;Mañana;Visual;70.8;1
16.92;73.13;28.48;7.31;29;Medio;Si;Desconocido;Kinestésico;78.8;1
16.58;70.06;63.71;5.03;21;Facil;Si;Tarde;Auditivo;72.6;1
8.54;44.09;56.24;7.59;28;Facil;No;Mañana;Desconocido;50.2;0
14.77;78.24;100.0;8.17;22;Medio;Si;Tarde;Lectura/Escritura;79.5;1
14.83;100.0;72.81;7.65;18;Medio;No;Noche;Visual;100.0;1
11.06;48.09;68.01;6.47;28;Medio;No;Noche;Desconocido;72.8;1
1.0;65.2;54.03;8.46;18;Medio;No;Noche;Visual;52.5;0
13.62;69.23;79.74;6.15;20;Medio;Si;Noche;Auditivo;80.1;1
2.06;38.55;36.15;6.89;23;Medio;No;Mañana;Kinestésico;53.8;0
5.48;58.53;50.27;7.0;18;Dificil;No;Mañana;Visual;61.9;1
5.65;80.68;100.0;6.27;28;Facil;Si;Noche;Visual;69.5;1
5.05;72.94;76.18;8.95;29;Medio;No;Tarde;Visual;66.3;1
14.06;75.04;100.0;6.04;19;Facil;No;Tarde;Kinestésico;84.4;1
4.65;78.2;99.1;7.41;29;Medio;No;Desconocido;Visual;65.2;1
5.15;74.25;48.92;8.18;24;Medio;Si;Tarde;Desconocido;63.0;1
9.25;66.64;92.25;6.35;18;Dificil;No;Tarde;Visual;72.0;1
8.32;71.75;96.96;6.0;24;Facil;No;Tarde;Lectura/Escritura;91.1;1
13.51;75.73;100.0;9.21;21;Dificil;Si;Tarde;Visual;69.5;1
13.87;63.58;67.9;7.62;27;Facil;No;Noche;Kinestésico;88.1;1
12.88;74.96;87.54;6.2;23;Medio;Si;Tarde;Visual;90.3;1
11.39;67.6;90.63;4.0;25;Facil;Si;Tarde;Visual;73.3;1
5.76;62.36;60.63;5.95;26;Dificil;No;Mañana;Lectura/Escritura;61.5;1
25.0;90.87;100.0;7.9;23;Medio;Si;Tarde;Lectura/Escritura;86.7;1
17.81;79.09;72.61;7.74;29;Medio;Si;Noche;Auditivo;78.7;1
4.6;72.97;61.27;7.73;28;Dificil;No;Noche;Desconocido;52.2;0
12.06;63.83;70.93;6.9;26;Facil;No;Noche;Auditivo;66.3;1
11.89;81.57;56.4;7.16;21;Facil;Si;Mañana;Lectura/Escritura;84.8;1
4.35;60.32;57.23;7.01;23;Dificil;No;Tarde;Visual;59.1;0
5.41;73.78;94.39;8.71;25;Medio;No;Tarde;Auditivo;66.0;1
13.04;80.39;98.39;6.27;26;Facil;Si;Tarde;Auditivo;70.6;1
11.88;56.95;76.43;6.6;20;Medio;No;Tarde;Desconocido;71.3;1
3.71;64.6;85.3;6.88;19;Medio;No;Tarde;Lectura/Escritura;75.7;1
1.0;66.72;77.19;6.4;23;Facil;No;Tarde;Visual;72.3;1
15.16;80.92;42.11;6.87;21;Facil;Si;Noche;Visual;65.4;1
8.93;94.38;56.48;6.25;18;Facil;Si;Desconocido;Auditivo;72.5;1
11.22;69.91;77.49;7.6;25;Medio;Si;Noche;Kinestésico;77.4;1
16.4;100.0;48.8;7.28;26;Dificil;Si;Mañana;Visual;76.5;1
8.71;69.87;44.25;7.29;26;Dificil;No;Mañana;Visual;68.9;1
15.75;73.24;100.0;8.42;19;Medio;Si;Noche;Lectura/Escritura;83.7;1
3.45;68.28;78.91;9.26;26;Facil;No;Noche;Visual;73.8;1
13.96;67.45;61.4;6.05;24;Dificil;Si;Desconocido;Kinestésico;78.0;1
11.91;71.19;62.94;7.48;22;Medio;No;Tarde;Kinestésico;73.7;1
7.44;56.73;87.42;6.47;24;Facil;No;Mañana;Auditivo;82.8;1
2.1;49.03;78.25;8.22;26;Dificil;No;Tarde;Lectura/Escritura;69.3;1
11.87;52.97;67.37;7.8;25;Medio;Si;Noche;Kinestésico;81.8;1
13.69;83.49;95.46;6.88;23;Medio;No;Noche;Auditivo;79.0;1
7.22;67.68;64.12;9.99;21;Medio;No;Noche;Auditivo;53.3;0
23.26;100.0;100.0;4.18;18;Facil;Si;Tarde;Kinestésico;97.0;1
1.0;42.63;62.03;4.66;23;Facil;No;Noche;Auditivo;58.9;0
9.88;86.4;64.87;8.59;20;Medio;No;Tarde;Lectura/Escritura;73.2;1
15.65;86.54;91.82;7.27;23;Facil;Si;Noche;Visual;86.2;1
1.0;30.22;20.0;4.34;23;Medio;No;Desconocido;Visual;50.8;0
12.73;88.55;94.88;9.16;21;Medio;No;Tarde;Visual;77.2;1
10.8;55.7;50.37;5.01;19;Medio;No;Tarde;Visual;60.7;1
9.73;74.92;100.0;7.7;26;Medio;Si;Tarde;Visual;82.1;1
11.2;76.96;75.98;9.24;19;Medio;Si;Mañana;Lectura/Escritura;77.3;1
13.01;62.32;64.59;6.37;20;Dificil;No;Noche;Kinestésico;65.9;1
13.09;77.72;63.89;8.9;27;Medio;Si;Tarde;Kinestésico;66.4;1
7.18;53.39;49.03;7.64;18;Facil;No;Tarde;Auditivo;69.0;1
9.35;74.65;89.56;7.51;24;Facil;No;Tarde;Kinestésico;78.8;1
15.03;57.91;70.26;7.83;18;Medio;Si;Noche;Auditivo;72.4;1
5.95;35.65;71.49;5.77;28;Facil;No;Mañana;Lectura/Escritura;53.7;0
8.58;87.54;79.32;7.7;26;Facil;No;Noche;Visual;63.4;1
2.35;43.75;98.29;9.25;28;Facil;No;Noche;Lectura/Escritura;69.5;1
4.86;51.77;91.11;6.39;28;Medio;Si;Noche;Kinestésico;80.9;1
9.24;73.71;68.38;7.0;18;Dificil;No;Tarde;Visual;56.2;0
8.02;61.18;43.05;8.02;22;Facil;Si;Mañana;Auditivo;76.3;1
10.99;60.87;85.99;4.96;24;Medio;Si;Tarde;Auditivo;72.8;1
13.94;87.92;100.0;7.38;20;Medio;Si;Tarde;Visual;79.6;1
9.94;68.44;79.48;8.67;26;Facil;Si;Mañana;Auditivo;72.7;1
10.38;78.38;98.79;8.02;25;Dificil;No;Noche;Visual;59.3;0
1.0;69.64;31.06;6.8;20;Medio;No;Desconocido;Visual;70.2;1
12.82;79.45;87.06;5.58;22;Medio;Si;Noche;Lectura/Escritura;78.9;1
15.2;87.25;90.16;6.06;24;Medio;Si;Mañana;Auditivo;73.6;1
8.16;53.32;61.53;6.56;29;Facil;No;Noche;Lectura/Escritura;65.0;1
18.58;88.31;96.33;6.69;21;Medio;Si;Noche;Kinestésico;73.8;1
4.97;64.23;100.0;5.2;22;Facil;No;Noche;Visual;61.3;1
